{
  "IcoMoonType": "selection",
  "icons": [
    {
      "icon": {
        "paths": [
          "M864 0c88.364 0 160 71.634 160 160 0 36.020-11.91 69.258-32 96l-64 64-224-224 64-64c26.742-20.090 59.978-32 96-32zM64 736l-64 288 288-64 592-592-224-224-592 592zM715.578 363.578l-448 448-55.156-55.156 448-448 55.156 55.156z"
        ],
        "tags": [
          "pencil",
          "write",
          "edit"
        ],
        "defaultCode": 59653,
        "grid": 16,
        "attrs": []
      },
      "attrs": [],
      "properties": {
        "ligatures": "pencil, write",
        "name": "pencil",
        "order": 8,
        "id": 6,
        "prevSize": 32
      },
      "setIdx": 0,
      "setId": 1,
      "iconIdx": 5
    },
    {
      "icon": {
        "paths": [
          "M128 320v640c0 35.2 28.8 64 64 64h576c35.2 0 64-28.8 64-64v-640h-704zM320 896h-64v-448h64v448zM448 896h-64v-448h64v448zM576 896h-64v-448h64v448zM704 896h-64v-448h64v448z",
          "M848 128h-208v-80c0-26.4-21.6-48-48-48h-224c-26.4 0-48 21.6-48 48v80h-208c-26.4 0-48 21.6-48 48v80h832v-80c0-26.4-21.6-48-48-48zM576 128h-192v-63.198h192v63.198z"
        ],
        "tags": [
          "bin",
          "trashcan",
          "remove",
          "delete",
          "recycle",
          "dispose"
        ],
        "defaultCode": 59820,
        "grid": 16,
        "attrs": []
      },
      "attrs": [],
      "properties": {
        "ligatures": "bin, trashcan",
        "name": "bin",
        "order": 9,
        "id": 173,
        "prevSize": 32
      },
      "setIdx": 0,
      "setId": 1,
      "iconIdx": 172
    },
    {
      "icon": {
        "paths": [
          "M928 128h-288c0-70.692-57.306-128-128-128-70.692 0-128 57.308-128 128h-288c-17.672 0-32 14.328-32 32v832c0 17.674 14.328 32 32 32h832c17.674 0 32-14.326 32-32v-832c0-17.672-14.326-32-32-32zM512 64c35.346 0 64 28.654 64 64s-28.654 64-64 64c-35.346 0-64-28.654-64-64s28.654-64 64-64zM896 960h-768v-768h128v96c0 17.672 14.328 32 32 32h448c17.674 0 32-14.328 32-32v-96h128v768z",
          "M448 858.51l-205.254-237.254 58.508-58.51 146.746 114.744 274.742-242.744 58.514 58.508z"
        ],
        "tags": [
          "clipboard",
          "board",
          "signup",
          "register",
          "agreement"
        ],
        "defaultCode": 59832,
        "grid": 16,
        "attrs": []
      },
      "attrs": [],
      "properties": {
        "ligatures": "clipboard, board",
        "name": "clipboard",
        "order": 5,
        "id": 185,
        "prevSize": 32
      },
      "setIdx": 0,
      "setId": 1,
      "iconIdx": 184
    },
    {
      "icon": {
        "paths": [
          "M864 128l-480 480-224-224-160 160 384 384 640-640z"
        ],
        "tags": [
          "checkmark",
          "tick",
          "correct",
          "accept",
          "ok"
        ],
        "defaultCode": 59920,
        "grid": 16,
        "attrs": []
      },
      "attrs": [],
      "properties": {
        "ligatures": "checkmark, tick",
        "name": "checkmark",
        "order": 10,
        "id": 273,
        "prevSize": 32
      },
      "setIdx": 0,
      "setId": 1,
      "iconIdx": 272
    },
    {
      "icon": {
        "paths": [
          "M896 0h-768c-70.4 0-128 57.6-128 128v768c0 70.4 57.6 128 128 128h768c70.4 0 128-57.6 128-128v-768c0-70.4-57.6-128-128-128zM448 794.51l-237.254-237.256 90.51-90.508 146.744 146.744 306.746-306.746 90.508 90.51-397.254 397.256z"
        ],
        "tags": [
          "checkbox-checked",
          "checkbox",
          "tick",
          "checked",
          "selected"
        ],
        "defaultCode": 59986,
        "grid": 16,
        "attrs": []
      },
      "attrs": [],
      "properties": {
        "ligatures": "checkbox-checked, checkbox",
        "name": "checkbox-checked",
        "order": 6,
        "id": 339,
        "prevSize": 32
      },
      "setIdx": 0,
      "setId": 1,
      "iconIdx": 338
    },
    {
      "icon": {
        "paths": [
          "M896 0h-768c-70.4 0-128 57.6-128 128v768c0 70.4 57.6 128 128 128h768c70.4 0 128-57.6 128-128v-768c0-70.4-57.6-128-128-128zM896 896h-768v-768h768v768z"
        ],
        "tags": [
          "checkbox-unchecked",
          "checkbox",
          "unchecked",
          "square"
        ],
        "defaultCode": 59987,
        "grid": 16,
        "attrs": []
      },
      "attrs": [],
      "properties": {
        "ligatures": "checkbox-unchecked, checkbox2",
        "name": "checkbox-unchecked",
        "order": 7,
        "id": 340,
        "prevSize": 32
      },
      "setIdx": 0,
      "setId": 1,
      "iconIdx": 339
    }
  ],
  "height": 1024,
  "preferences": {
    "showGlyphs": true,
    "showQuickUse": true,
    "showQuickUse2": true,
    "showSVGs": true,
    "fontPref": {
      "prefix": "icon-",
      "metadata": {
        "fontFamily": "icomoon"
      },
      "metrics": {
        "emSize": 1024,
        "baseline": 6.25,
        "whitespace": 50
      },
      "embed": false
    },
    "imagePref": {
      "prefix": "icon-",
      "png": false,
      "useClassSelector": true,
      "color": 1776411,
      "bgColor": 16777215,
      "classSelector": ".icon",
      "autoHost": false,
      "height": 32,
      "columns": 16,
      "margin": 16
    },
    "historySize": 50,
    "showCodes": true,
    "gridSize": 16,
    "quickUsageToken": {
      "UntitledProject": "MjA3NDdlMmExMTg3MTU3YzFjYmYyMjhmNjYxNjg3MDUjMSMxNTIyOTQxMzMzIyMj"
    }
  }
}